{
  "neutral": {
    "score": -5.399999999999997
  },
  "tristeza": {
    "score": -4.08
  },
  "ansiedad": {
    "score": 0.30000000000000004
  },
  "estrés": {
    "score": -0.8999999999999999
  },
  "enojo": {
    "score": -1.78
  },
  "miedo": {
    "score": -2.75
  }
}