{
  "neutral": {
    "score": -2.600000000000001
  },
  "tristeza": {
    "score": -1.4000000000000001
  },
  "ansiedad": {
    "score": 0.8999999999999999
  },
  "estrés": {
    "score": -0.6
  }
}