{
  "neutral": {
    "score": -4.4
  },
  "tristeza": {
    "score": -2.3000000000000007
  },
  "ansiedad": {
    "score": 0.30000000000000004
  },
  "estrés": {
    "score": -0.8999999999999999
  },
  "enojo": {
    "score": -0.4
  },
  "miedo": {
    "score": -0.4
  }
}